store,site_code,st_type,tier,op.date,sqft,store_format,region,zone,fdu.non.fdu,apparel_area,festival
LAWGARDEN,1,P1,i,2003-10-05T00:00:00Z,7034,Fashion,GUJRAT,North,fdu,6237.662413,dc
LAJPATNAGAR,5,P1,i,2004-09-18T00:00:00Z,7200,Fashion,DELHI NCR,North,nonfdu,5730.31183,dc
BHOPAL,9,P1,i,2005-08-26T00:00:00Z,8630,Composite,MP1,North,nonfdu,6241.803925,dc
CHANDIGARH,11,P1,i,2006-03-26T00:00:00Z,10000,Composite,PUN and HP,North,nonfdu,6318.86937,dc
JALANDHAR,12,P1,iii,2006-05-07T00:00:00Z,9888,Fashion,PUN and HP,North,nonfdu,8008.656953,dc
PATHANKOT,13,P1,iii,2006-09-24T00:00:00Z,6000,Composite,PUN and HP,North,nonfdu,4473.2223,dc
AJMER,15,P1,iii,2006-10-22T00:00:00Z,13800,Composite,RAJASTHAN-1,North,nonfdu,10071.21042,dc
GURDASPUR,21,P1,iii,2007-09-01T00:00:00Z,6500,Composite,PUN and HP,North,nonfdu,4557.059422,dc
GORAKHPUR,27,P1,iii,2008-05-15T00:00:00Z,8800,Composite,UP4,UP East,nonfdu,6132.833872,dc
MUZAFFARNAGAR,28,P1,iii,2008-05-25T00:00:00Z,7000,Fashion,DELHI NCR,North,nonfdu,6223.376254,dc
LUCKNOW,29,P1,i,2008-05-30T00:00:00Z,8500,Composite,UP13,UP East,nonfdu,6847.048331,dc
GANDHIDHAM,34,P1,iii,2008-10-01T00:00:00Z,6000,Fashion,GUJRAT,North,nonfdu,5097.354692,dc
MEHSANA,36,P1,iii,2008-10-08T00:00:00Z,6394,Fashion,GUJRAT,North,nonfdu,5076.853882,dc
KOTA,33,P1,ii,2008-10-18T00:00:00Z,8850,Composite,RAJASTHAN-2,North,nonfdu,6230.296665,dc
UDAIPUR,31,P1,iii,2008-10-22T00:00:00Z,7846,Fashion,RAJASTHAN-2,North,nonfdu,6510.701937,dc
MEERUT,35,P1,ii,2008-10-24T00:00:00Z,6750,Fashion,DELHI NCR,North,nonfdu,5098.394778,dc
KANPUR,38,P1,ii,2008-10-25T00:00:00Z,7000,Fashion,UP2,UP East,nonfdu,5323.786672,dc
GONDA,32,P1,iii,2008-10-27T00:00:00Z,7356,Composite,UP9,UP East,nonfdu,5443.879115,dc
AMBALA,41,P1,iii,2009-01-17T00:00:00Z,5500,Fashion,PUN and HP,North,nonfdu,4444.445058,dc
MURADABAD,40,P1,iii,2009-01-24T00:00:00Z,8680,Composite,UP11,UP East,nonfdu,6629.589902,dc
AZAMGARH,42,P1,iii,2009-05-25T00:00:00Z,9575,Composite,UP3,UP East,nonfdu,6470.43796,dc
SAHARANPUR,43,P1,iii,2009-06-30T00:00:00Z,8800,Composite,DELHI NCR,North,nonfdu,7393.448498,dc
UJJAIN,45,P1,iii,2009-10-14T00:00:00Z,7900,Fashion,MP2,North,nonfdu,6345.855907,dc
ARRAH,46,P1,iii,2009-10-15T00:00:00Z,12814,Composite,BIHAR 1,Bihar,nonfdu,7509.181721,pdc
SHAHAJAHANPUR,47,P1,iii,2009-10-28T00:00:00Z,11633,Composite,UP6,UP East,nonfdu,8805.352239,dc
SULTANPUR,48,P1,iii,2010-01-07T00:00:00Z,17000,Composite,UP9,UP East,nonfdu,9455.582182,dc
RENUKOOT,49,P1,iii,2010-01-10T00:00:00Z,6000,Composite,UP5,UP East,nonfdu,4361.58248,dc
BEGUSARAI,52,P1,iii,2010-04-08T00:00:00Z,13380,Composite,BIHAR 2,Bihar,nonfdu,9131.355507,pdc
BAHRAICH,55,P1,iii,2010-05-10T00:00:00Z,13050,Composite,UP13,UP East,nonfdu,7870.098447,dc
BASTI,54,P1,iii,2010-06-05T00:00:00Z,8200,Fashion,UP9,UP East,nonfdu,6093.328757,dc
GAZIPUR,58,P1,iii,2010-07-03T00:00:00Z,10660,Composite,UP3,UP East,nonfdu,6856.994573,dc
ALIGARH,59,P1,iii,2010-07-25T00:00:00Z,10052,Fashion,UP7,North,nonfdu,8504.989324,dc
PARTAP GARH,53,P1,iii,2010-09-08T00:00:00Z,7000,Composite,UP10,UP East,nonfdu,5465.649945,dc
DEORIA,61,P1,iii,2010-10-13T00:00:00Z,10317,Composite,UP4,UP East,nonfdu,7104.92296,dc
JAUNPUR,60,P1,iii,2010-10-30T00:00:00Z,9242,Composite,UP3,UP East,nonfdu,6093.441678,dc
DARBHANGA,71,P1,iii,2011-01-02T00:00:00Z,9370,Composite,BIHAR 2,Bihar,nonfdu,6065.77803,pdc
BHAGALPUR,62,P1,iii,2011-04-08T00:00:00Z,10000,Composite,BIHAR 3,Bihar,nonfdu,6744.908869,pdc
SRINAGAR,56,P1,i,2011-05-16T00:00:00Z,9884,Composite,J and K,North,nonfdu,6782.321859,dc
FAIZABAD,63,P1,iii,2011-06-13T00:00:00Z,13004,Composite,UP9,UP East,nonfdu,6916.940381,dc
LUXA,67,P1,ii,2011-08-29T00:00:00Z,7200,Fashion,UP5,UP East,nonfdu,6008.172109,dc
BERASIA,66,P1,i,2011-08-30T00:00:00Z,7111,Fashion,MP1,North,nonfdu,5871.320472,dc
MOTIHARI,65,P1,iii,2011-09-30T00:00:00Z,9000,Composite,BIHAR 2,Bihar,nonfdu,6793.197562,pdc
VIKAS NAGAR,69,P1,i,2011-10-19T00:00:00Z,9000,Composite,UP8,UP East,nonfdu,6684.66267,dc
SITAPUR,70,P1,iii,2011-12-30T00:00:00Z,9280,Composite,UP6,UP East,nonfdu,6746.314429,dc
JAMNAGAR,72,P1,iii,2012-03-31T00:00:00Z,5000,Fashion,GUJRAT,North,nonfdu,4185.684801,dc
LAXMINAGAR,22,P1,i,2012-06-13T00:00:00Z,5610,Fashion,DELHI NCR,North,nonfdu,4195.515533,dc
CHHAPRA,75,P1,iii,2012-06-19T00:00:00Z,5950,Fashion,BIHAR 1,Bihar,nonfdu,4546.623714,pdc
CHURCH ROAD,74,P1,iii,2012-07-03T00:00:00Z,7500,Fashion,BIHAR 4,Bihar,nonfdu,5481.159277,pdc
CHOWK,76,P1,i,2012-08-13T00:00:00Z,10500,Composite,UP13,UP East,nonfdu,7737.491079,dc
NAGOUR,78,P1,iii,2012-11-02T00:00:00Z,8061,Fashion,RAJASTHAN-1,North,nonfdu,6786.521036,dc
BARABANKI,79,P1,iii,2012-11-04T00:00:00Z,8031,Fashion,UP13,UP East,nonfdu,6777.4972,dc
BETTIAH,80,P1,iii,2012-11-11T00:00:00Z,7500,Fashion,BIHAR 2,Bihar,nonfdu,5221.261905,pdc
AKBARPUR,83,P1,iii,2013-03-09T00:00:00Z,9400,Composite,UP9,UP East,nonfdu,6976.361216,dc
MATHURA,82,P1,iii,2013-03-15T00:00:00Z,6550,Fashion,UP7,North,fdu,5596.835403,dc
PAHARIA,85,P1,ii,2013-03-16T00:00:00Z,8900,Composite,UP5,UP East,nonfdu,6399.406418,dc
MAU,86,P1,iii,2013-03-21T00:00:00Z,8382,Fashion,UP3,UP East,nonfdu,6611.673639,dc
RAJENDER NAGAR,84,P1,iii,2013-03-21T00:00:00Z,10004,Fashion,UP4,UP East,nonfdu,6838.717617,dc
LAKHIMPUR,87,P1,iii,2013-04-11T00:00:00Z,9700,Fashion,UP6,UP East,nonfdu,7726.982455,dc
SAHARSA,88,P1,iii,2013-04-11T00:00:00Z,6980,Fashion,BIHAR 3,Bihar,nonfdu,4991.569882,pdc
SAMASTIPUR,81,P1,iii,2013-05-31T00:00:00Z,8500,Fashion,BIHAR 2,Bihar,nonfdu,6087.092104,pdc
BHAGESHWAR NAGAR,100052,P1,iii,2013-06-01T00:00:00Z,10751,Fashion,UP3,UP East,nonfdu,7847.483797,dc
DEHRADUN,100053,P1,i,2013-06-15T00:00:00Z,7568,Fashion,UK,North,nonfdu,6024.555547,dc
SAKET NAGAR,100049,P1,ii,2013-06-21T00:00:00Z,7592,Fashion,UP2,UP East,nonfdu,6204.16128,dc
MORVI,100055,P1,iii,2013-06-23T00:00:00Z,6056,Fashion,GUJRAT,North,nonfdu,5029.970263,dc
AURANGABAD,100054,P1,iii,2013-06-28T00:00:00Z,8300,Fashion,BIHAR 4,Bihar,nonfdu,6123.106661,pdc
BADAUN,100051,P1,iii,2013-06-29T00:00:00Z,8825,Fashion,UP6,UP East,fdu,7137.365614,dc
BALIA,100090,P1,iii,2013-07-27T00:00:00Z,7530,Fashion,UP3,UP East,nonfdu,5826.134634,dc
HALDWANI,100109,P1,iii,2013-08-04T00:00:00Z,10812,Composite,UK,North,nonfdu,8348.038911,dc
CHAAS,100110,P1,iii,2013-08-14T00:00:00Z,11000,Fashion,JHK2,East/JHK,nonfdu,8749.960404,pdc
GIRIDIH,100140,P1,iii,2013-08-27T00:00:00Z,8700,Fashion,JHK2,East/JHK,nonfdu,6615.121325,pdc
HARIDWAR,100173,P1,iii,2013-09-07T00:00:00Z,7300,Fashion,UK,North,nonfdu,5997.508738,dc
SHIVPURI,100171,P1,iii,2013-09-12T00:00:00Z,8925,Fashion,MP2,North,nonfdu,7378.721314,dc
DUMKA,100205,P1,iii,2013-10-01T00:00:00Z,7600,Fashion,JHK2,East/JHK,nonfdu,5844.502061,pdc
FATHEPUR,100111,P1,iii,2013-10-05T00:00:00Z,7500,Fashion,UP10,UP East,nonfdu,6065.541011,dc
RAIBARELI,100207,P1,iii,2013-10-19T00:00:00Z,10924,Composite,UP10,UP East,nonfdu,7430.862073,dc
JHANSI,100050,P1,iii,2013-10-24T00:00:00Z,7200,Fashion,UP12,UP East,nonfdu,5562.465503,dc
SIWAN,100208,P1,iii,2013-11-07T00:00:00Z,7717,Fashion,BIHAR 1,Bihar,nonfdu,5687.811403,pdc
SASARAM,100113,P1,iii,2013-11-20T00:00:00Z,5320,Fashion,BIHAR 4,Bihar,nonfdu,4535.763201,pdc
DEOGHAR,100366,P1,iii,2013-12-27T00:00:00Z,9500,Fashion,JHK2,East/JHK,nonfdu,7325.647444,pdc
ALLAHABAD,100365,P1,ii,2013-12-28T00:00:00Z,8335,Fashion,UP10,UP East,nonfdu,6392.127243,dc
RAJIV NAGAR,100364,P1,i,2014-02-07T00:00:00Z,5550,Fashion,BIHAR 1,Bihar,nonfdu,4622.784697,pdc
GOPALGANJ,100504,P1,iii,2014-03-31T00:00:00Z,10143,Composite,BIHAR 2,Bihar,nonfdu,6561.608561,pdc
BANDA,100503,P1,iii,2014-04-20T00:00:00Z,8000,Fashion,UP12,UP East,nonfdu,6058.011391,dc
KASHIPUR,100523,P1,iii,2014-05-01T00:00:00Z,7272,Fashion,UK,North,nonfdu,5873.276416,dc
PATNA CITY,100586,P1,i,2014-06-06T00:00:00Z,9000,Fashion,BIHAR 1,Bihar,nonfdu,6870.996379,pdc
FARRUKHABAD,100630,P1,iii,2014-06-28T00:00:00Z,8288,Fashion,UP6,UP East,nonfdu,6798.636035,dc
BAREILLY,100677,P1,iii,2014-07-23T00:00:00Z,8872,Fashion,UP11,UP East,nonfdu,7401.929491,dc
HATHRAS,100645,P1,iii,2014-07-23T00:00:00Z,5208,Fashion,UP7,North,nonfdu,4732.124599,dc
MADHUBANI,100719,P1,iii,2014-09-18T00:00:00Z,8246,Fashion,BIHAR 2,Bihar,nonfdu,6387.093252,pdc
RANCHI,100766,P1,i,2014-09-23T00:00:00Z,9089,Fashion,JHK1,East/JHK,nonfdu,6677.519955,pdc
HIRAPUR,100745,P1,ii,2014-09-26T00:00:00Z,8650,Fashion,JHK2,East/JHK,nonfdu,6722.873137,pdc
AGRA,100743,P1,ii,2014-10-12T00:00:00Z,7841,Fashion,UP7,North,nonfdu,6726.005377,dc
BORING ROAD-PATNA,100172,P1,i,2014-10-12T00:00:00Z,12600,Fashion,BIHAR 1,Bihar,fdu,8839.582719,pdc
KOTWALI,100801,P1,ii,2014-10-21T00:00:00Z,7039,Fashion,UP10,UP East,nonfdu,5876.249744,dc
FIROZABAD,100744,P1,iii,2014-11-14T00:00:00Z,9527,Fashion,UP7,North,nonfdu,8066.459141,dc
HUSSAINGANJ,100822,P1,i,2014-11-21T00:00:00Z,10000,Fashion,UP13,UP East,nonfdu,8021.046043,dc
KISHANGANJ,100811,P1,iii,2014-12-02T00:00:00Z,8770,Fashion,BIHAR 3,Bihar,nonfdu,6345.873677,pdc
RUDRAPUR,100815,P1,iii,2014-12-24T00:00:00Z,9282,Fashion,UK,North,nonfdu,7727.841777,dc
PURNIA,100112,P1,iii,2015-03-21T00:00:00Z,9944,Composite,BIHAR 3,Bihar,nonfdu,6928.856138,pdc
ETAWAH,100997,P1,iii,2015-07-10T00:00:00Z,8731,Composite,UP7,North,nonfdu,6504.337403,dc
PADARI BAZAR,100998,P1,iii,2015-08-12T00:00:00Z,7000,Fashion,UP4,UP East,nonfdu,5544.418182,dc
BURDWAN,101005,P1,iii,2015-10-12T00:00:00Z,9049,Fashion,WB1,East/JHK,nonfdu,7158.740908,purepujo
HAJIPUR,101013,P1,iii,2015-10-13T00:00:00Z,7727,Fashion,BIHAR 1,Bihar,nonfdu,6038.328779,pdc
SITAMARHI,101011,P1,iii,2015-10-13T00:00:00Z,10350,Composite,BIHAR 2,Bihar,nonfdu,6707.411637,pdc
COOCH BEHAR,101010,P1,iii,2015-10-17T00:00:00Z,8759,Fashion,WB2,East/JHK,nonfdu,7014.08096,purepujo
BARIPADA,101012,P1,iii,2015-10-26T00:00:00Z,8065,Fashion,ODISHA,East/JHK,nonfdu,6355.569169,purepujo
KEONJHAR,101002,P1,iii,2015-10-30T00:00:00Z,5897,Fashion,ODISHA,East/JHK,nonfdu,4973.20138,purepujo
KHALILABAD,101007,P1,iii,2015-10-30T00:00:00Z,9974,Composite,UP4,UP East,nonfdu,7498.296665,dc
MUNGER,101006,P1,iii,2015-10-31T00:00:00Z,9729,Composite,BIHAR 3,Bihar,nonfdu,6432.47448,pdc
JAMUI,101014,P1,iv,2015-11-03T00:00:00Z,8139,Fashion,BIHAR 4,Bihar,nonfdu,5974.338312,pdc
DAUD NAGAR,101009,P1,iv,2015-11-09T00:00:00Z,6595,Fashion,BIHAR 4,Bihar,nonfdu,5536.444608,pdc
MUZAFFARPUR,100206,P1,iii,2015-11-09T00:00:00Z,10248,Composite,BIHAR 2,Bihar,nonfdu,7744.545621,pdc
NAWADA,101003,P1,iii,2016-03-17T00:00:00Z,8721,Fashion,BIHAR 4,Bihar,nonfdu,6517.493064,pdc
PADRAUNA,101026,P1,iii,2016-04-11T00:00:00Z,6154,Composite,UP4,UP East,nonfdu,6466.813678,dc
JHARSUGUDA,101023,P1,iii,2016-05-21T00:00:00Z,10103,Fashion,ODISHA,East/JHK,nonfdu,7859.622378,purepujo
SAMBALPUR,101024,P1,iii,2016-06-04T00:00:00Z,10400,Fashion,ODISHA,East/JHK,nonfdu,8548.050587,purepujo
SHAHGANJ,101032,P1,ii,2016-07-01T00:00:00Z,11300,Composite,UP7,North,nonfdu,9354.099196,dc
UDHAMPUR,101028,P1,iii,2016-07-01T00:00:00Z,10600,Fashion,J and K,North,nonfdu,8656.877708,dc
CUTTACK,101034,P1,iii,2016-09-09T00:00:00Z,10850,Fashion,ODISHA,East/JHK,nonfdu,8235.225732,purepujo
NABARANGPUR,101035,P1,iii,2016-09-10T00:00:00Z,8572,Fashion,ODISHA,East/JHK,nonfdu,6344.4834,purepujo
DURGAKUND,101036,P1,ii,2016-09-11T00:00:00Z,8682,Composite,UP5,UP East,nonfdu,4558.1746,dc
JALPAIGURI,101033,P1,iii,2016-09-24T00:00:00Z,11592,Fashion,WB2,East/JHK,nonfdu,9388.195092,purepujo
JAMALPUR,101041,P1,iii,2016-10-23T00:00:00Z,7800,Fashion,BIHAR 3,Bihar,nonfdu,5966.140861,pdc
BIRSA CHOWK-RANCHI,101043,P1,i,2016-10-26T00:00:00Z,14161,Composite,JHK1,East/JHK,nonfdu,9235.767609,pdc
PILIBHIT,101008,P1,iii,2017-02-22T00:00:00Z,9940,Composite,UP6,UP East,nonfdu,7459.952983,dc
ORAI,101027,P1,iii,2017-02-25T00:00:00Z,10130,Composite,UP12,UP East,nonfdu,7637.303507,dc
BHANGEL,101053,P1,i,2017-03-03T00:00:00Z,8600,Fashion,DELHI NCR,North,nonfdu,6649.296387,dc
MADHEPURA,101057,P1,iii,2017-03-28T00:00:00Z,8750,Fashion,BIHAR 3,Bihar,nonfdu,6479.679694,pdc
DEEPKAMAL_MALL,101508,P1,iii,2017-04-07T00:00:00Z,9010,SARAL,GUJRAT,North,fdu,7498.649265,dc
AMROHA,101056,P1,iii,2017-04-16T00:00:00Z,7289,Fashion,UP11,UP East,nonfdu,5195.554063,dc
LALGANJ,101060,P1,iv,2017-04-23T00:00:00Z,6299,Fashion,UP3,UP East,nonfdu,4925.812518,dc
KATHUA,101059,P1,iii,2017-05-22T00:00:00Z,6861,Fashion,J and K,North,nonfdu,5554.22336,dc
BHABUA,101068,P1,iv,2017-06-17T00:00:00Z,6248,Fashion,BIHAR 4,Bihar,nonfdu,5001.411945,pdc
THAKURGANJ,101065,P1,i,2017-06-20T00:00:00Z,8908,Fashion,UP8,UP East,nonfdu,6863.310687,dc
REWA,101061,P1,iii,2017-06-21T00:00:00Z,6424,Fashion,MP1,North,nonfdu,5345.789118,dc
HUSAINABAD-JAUNPUR,101069,P1,iii,2017-06-24T00:00:00Z,5455,Fashion,UP3,UP East,nonfdu,4455.783632,dc
BHOJUBEER,101066,P1,ii,2017-08-05T00:00:00Z,6250,Fashion,UP5,UP East,nonfdu,4926.767008,dc
RAMGARH,101071,P1,iii,2017-08-19T00:00:00Z,10976,Fashion,JHK2,East/JHK,nonfdu,8654.664983,pdc
BANKA,101092,P1,iii,2017-08-30T00:00:00Z,7200,Fashion,BIHAR 3,Bihar,nonfdu,5193.022361,pdc
PHUSRO,101046,P1,iv,2017-08-31T00:00:00Z,7579,Fashion,JHK2,East/JHK,nonfdu,5821.541924,pdc
KHARAGPUR,101039,P1,iii,2017-09-14T00:00:00Z,8366,Fashion,WB1,East/JHK,nonfdu,6865.29646,purepujo
ADITYAPUR,101089,P1,ii,2017-09-21T00:00:00Z,10972,Fashion,JHK1,East/JHK,nonfdu,9106.35677,pdc
DHULIYAN,101040,P1,iv,2017-09-21T00:00:00Z,6571,Fashion,WB2,East/JHK,nonfdu,5340.529834,purepujo
LATEHAR,101045,P1,iii,2017-09-27T00:00:00Z,7300,Fashion,JHK1,East/JHK,nonfdu,5735.29329,pdc
SIDHAULI,101121,P1,iv,2017-10-13T00:00:00Z,7860,Fashion,UP6,UP East,nonfdu,6186.45883,dc
URBAN BANK ROAD,101030,P1,iii,2017-10-15T00:00:00Z,9162,Fashion,ODISHA,East/JHK,nonfdu,7094.068527,purepujo
KHAGARIA,101058,P1,iv,2017-10-21T00:00:00Z,8532,Fashion,BIHAR 3,Bihar,nonfdu,6458.248334,pdc
SHEOHAR,101091,P1,iv,2017-10-25T00:00:00Z,7108,Fashion,BIHAR 2,Bihar,nonfdu,5140.00429,pdc
TELIBAGH,101122,P1,i,2017-11-08T00:00:00Z,10622,Composite,UP8,UP East,nonfdu,7908.70865,dc
RAMPUR,101063,P1,iii,2017-12-06T00:00:00Z,7871,Fashion,UP11,UP East,nonfdu,9058.504606,dc
RAJAJIPURAM,101070,P1,i,2017-12-22T00:00:00Z,7400,Fashion,UP8,UP East,nonfdu,6093.408657,dc
GUMLA,101090,P1,iii,2017-12-31T00:00:00Z,6867,Fashion,JHK1,East/JHK,nonfdu,5434.899496,pdc
MAHARAJGANJ,101134,P1,iv,2018-01-03T00:00:00Z,8209,Fashion,UP4,UP East,nonfdu,6356.497544,dc
SHUKLAGANJ,101140,P1,ii,2018-02-22T00:00:00Z,6853,Fashion,UP2,UP East,nonfdu,5490.976199,dc
HAMIRPUR,101141,P1,iv,2018-02-26T00:00:00Z,6339,Fashion,UP12,UP East,nonfdu,4511.390863,dc
GAURIGANJ,101133,P1,iii,2018-03-08T00:00:00Z,9196,Composite,UP10,UP East,nonfdu,6608.043232,dc
PREM NAGAR-BAREILLY,101143,P1,iii,2018-04-05T00:00:00Z,5848,Fashion,UP11,UP East,nonfdu,5015.076044,dc
JAMMU,101147,P1,i,2018-04-23T00:00:00Z,9581,Fashion,J and K,North,nonfdu,7849.756842,dc
DALANWALA-DEHRADUN,101159,P1,i,2018-05-20T00:00:00Z,9833,Fashion,UK,North,nonfdu,7536.962165,dc
CHINHAT-LUCKNOW,101161,P1,i,2018-06-01T00:00:00Z,10250,Fashion,UP13,UP East,nonfdu,7919.07306,dc
MAJRA-DEHRADUN,101162,P1,i,2018-06-08T00:00:00Z,7593,Fashion,UK,North,nonfdu,6461.792324,dc
AIRPORT ROAD-LUCKNOW,101175,P1,i,2018-08-06T00:00:00Z,9990,Fashion,UP8,UP East,nonfdu,7126.781647,dc
LOHARDAGA,101165,P1,iv,2018-08-11T00:00:00Z,9381,Fashion,JHK1,East/JHK,nonfdu,7215.481655,pdc
RAMBAGH CHOWK,101180,P1,iii,2018-08-28T00:00:00Z,8463,Fashion,BIHAR 3,Bihar,nonfdu,6530.842083,pdc
NAGAON,101170,P1,iii,2018-08-31T00:00:00Z,10231,Fashion,NE,East/JHK,nonfdu,7839.490944,purepujo
NALBARI,101171,P1,iii,2018-08-31T00:00:00Z,11700,Composite,NE,East/JHK,nonfdu,8227.52144,purepujo
KALAPAHAR-GUWAHATI,101176,P1,i,2018-09-02T00:00:00Z,8229,Fashion,NE,East/JHK,nonfdu,6467.624819,purepujo
ZOO ROAD-GUWAHATI,101172,P1,i,2018-09-02T00:00:00Z,9110,Fashion,NE,East/JHK,nonfdu,6988.881531,purepujo
PALKI-LUCKNOW,101158,P1,i,2018-09-10T00:00:00Z,8200,Fashion,UP8,UP East,nonfdu,6421.768244,dc
KRISHNANAGAR-WEST BENGAL,101182,P1,iii,2018-09-21T00:00:00Z,7516,Fashion,WB1,East/JHK,nonfdu,6285.82705,purepujo
KACHI CHAWNI,101151,P1,i,2018-09-22T00:00:00Z,9700,Fashion,J and K,North,nonfdu,7742.877759,dc
SHANTIPUR,101183,P1,iv,2018-09-27T00:00:00Z,8280,Fashion,WB1,East/JHK,nonfdu,6825.044374,purepujo
ARAMBAGH,101181,P1,iv,2018-10-03T00:00:00Z,7685,Fashion,WB1,East/JHK,nonfdu,6380.073609,purepujo
SAGUNA MOR-PATNA,101178,P1,i,2018-10-03T00:00:00Z,6300,Fashion,BIHAR 1,Bihar,nonfdu,5619.742618,pdc
JORHAT,101184,P1,iii,2018-10-09T00:00:00Z,10000,Fashion,NE,East/JHK,nonfdu,7882.469169,purepujo
MURSHIDABAD,101186,P1,iii,2018-10-10T00:00:00Z,5637,Fashion,WB1,East/JHK,nonfdu,5203.341807,purepujo
JOWAI,101189,P1,iv,2018-10-26T00:00:00Z,10049,Fashion,NE,East/JHK,nonfdu,5841.173183,purepujo
GARHWA,101142,P1,iv,2018-10-29T00:00:00Z,7585,Fashion,JHK1,East/JHK,nonfdu,6263.535383,pdc
KANNAUJ,101129,P1,iv,2018-12-14T00:00:00Z,7553,Fashion,UP2,UP East,nonfdu,6058.967142,dc
NAUBASTA-KANPUR,101195,P1,ii,2018-12-15T00:00:00Z,7175,Fashion,UP2,UP East,nonfdu,5265.917366,dc
MUGHALSARAI,101146,P1,iii,2018-12-21T00:00:00Z,8820,Composite,UP5,UP East,nonfdu,6333.569639,dc
JHANGIRABAD-BHOPAL,101210,P1,i,2019-02-03T00:00:00Z,9913,Fashion,MP1,North,nonfdu,7720.998137,dc
JEHANABAD-STATION ROAD,101211,P1,iii,2019-02-13T00:00:00Z,7138,Fashion,BIHAR 4,Bihar,nonfdu,5677.971449,pdc
SAHARANPUR-DELHI ROAD,101212,P1,iii,2019-02-16T00:00:00Z,8555,Fashion,DELHI NCR,North,nonfdu,6980.966374,dc
KANKARBAGH-PATNA,101230,P1,i,2019-02-26T00:00:00Z,8433,Fashion,BIHAR 1,Bihar,nonfdu,5650.44841,pdc
JAMSHEDPUR-SAKCHI AMBAGAN,101145,P1,ii,2019-03-10T00:00:00Z,9636,Composite,JHK1,East/JHK,nonfdu,6901.730822,pdc
LAL BANGLA-KANPUR,101228,P1,ii,2019-03-16T00:00:00Z,9104,Fashion,UP2,UP East,nonfdu,7376.540301,dc
BANDEL,101177,P1,iii,2019-03-17T00:00:00Z,8406,Fashion,WB1,East/JHK,nonfdu,5494.173811,purepujo
BISWANATH CHARIALI,101194,P1,iv,2019-03-18T00:00:00Z,6149,Fashion,NE,East/JHK,nonfdu,5092.920462,purepujo
BISALPUR-EIDGAH CHAURAHA,101233,P1,iv,2019-03-19T00:00:00Z,5519,Fashion,UP6,UP East,nonfdu,4764.999372,dc
BHOPAL-KAROND,101241,P1,i,2019-03-29T00:00:00Z,10598,Composite,MP1,North,nonfdu,6321.235843,dc
PALAMPUR-CITY MALL,101238,P1,iii,2019-03-29T00:00:00Z,10000,Fashion,PUN and HP,North,nonfdu,8268.322358,dc
SANGANER-JAIPUR,101206,P1,i,2019-03-31T00:00:00Z,9000,Fashion,RAJASTHAN-1,North,nonfdu,7543.799433,dc
JAMMU-KUNJWANI,101243,P1,i,2019-04-04T00:00:00Z,9800,Fashion,J and K,North,nonfdu,7373.946822,dc
KAHALGOAN,101227,P1,iv,2019-04-05T00:00:00Z,6481,Fashion,BIHAR 3,Bihar,nonfdu,5247.278291,pdc
TAMLUK-MANIKTALA,101231,P1,iv,2019-04-13T00:00:00Z,6139,Fashion,WB1,East/JHK,nonfdu,5100.150312,purepujo
RAJPURA-AGRA,101235,P1,ii,2019-04-23T00:00:00Z,7629,Fashion,UP7,North,nonfdu,6638.965853,dc
DHUBRI-GTB ROAD,101242,P1,iv,2019-04-28T00:00:00Z,5721,Fashion,NE,East/JHK,nonfdu,4993.400543,purepujo
GWALIOR-SURYA NAGAR,101249,P1,ii,2019-05-24T00:00:00Z,7441,Fashion,MP2,North,nonfdu,5771.363587,dc
KHARUPETIA-PANBARI ROAD,101252,P1,iv,2019-05-25T00:00:00Z,6019,Fashion,NE,East/JHK,nonfdu,4756.160159,purepujo
GORAKHPUR-MEDICAL COLLEGE,101263,P1,iii,2019-06-12T00:00:00Z,8626,Composite,UP4,UP East,nonfdu,6311.746923,dc
SUPAUL,101179,P1,iv,2019-06-14T00:00:00Z,8527,Composite,BIHAR 3,Bihar,nonfdu,6045.152447,pdc
GWALIOR-LASHKAR,101253,P1,ii,2019-06-16T00:00:00Z,8717,Fashion,MP2,North,nonfdu,7177.783494,dc
AGRA-SIKANDRA,101265,P1,ii,2019-07-09T00:00:00Z,6678,Fashion,UP7,North,nonfdu,6125.698944,dc
JAIPUR-JHOTWARA,101280,P1,i,2019-07-27T00:00:00Z,9029,Fashion,RAJASTHAN-1,North,nonfdu,6715.659985,dc
LUCKNOW-KHURRAM NAGAR,101268,P1,i,2019-07-28T00:00:00Z,6983,Fashion,UP8,UP East,nonfdu,5199.96275,dc
ZIRAKPUR-BUS STAND,101286,P1,i,2019-08-01T00:00:00Z,9350,Composite,PUN and HP,North,nonfdu,6158.925793,dc
DALTONGANJ-REDMA CHOWK,101259,P1,iv,2019-08-09T00:00:00Z,6611,Fashion,JHK1,East/JHK,nonfdu,4956.733421,pdc
KOTA-RANGBARI,101284,P1,ii,2019-08-15T00:00:00Z,8834,Fashion,RAJASTHAN-2,North,nonfdu,6918.741781,dc
DHANBAD-SARAIDHELLA,101306,P1,ii,2019-08-31T00:00:00Z,6181,Fashion,JHK2,East/JHK,nonfdu,5378.344086,pdc
PATNA-KURJI,101281,P1,i,2019-09-11T00:00:00Z,5942,Fashion,BIHAR 1,Bihar,nonfdu,5023.812974,pdc
KOLKATA-BARASAT,101318,P1,i,2019-09-18T00:00:00Z,9002,Composite,WB1,East/JHK,nonfdu,7040.897486,purepujo
RAIGANJ-MG ROAD,101269,P1,iii,2019-09-22T00:00:00Z,10020,Composite,WB2,East/JHK,nonfdu,6758.974352,purepujo
ITANAGAR,101187,P1,i,2019-10-01T00:00:00Z,13300,Composite,NE,East/JHK,nonfdu,8747.351786,purepujo
LUCKNOW-BUDHESHWAR,101295,P1,i,2019-10-01T00:00:00Z,5295,Fashion,UP8,UP East,nonfdu,4565.443163,dc
DELHI-NARELA,101305,P1,i,2019-10-03T00:00:00Z,6656,Fashion,DELHI NCR,North,nonfdu,5336.596032,dc
JAMMU-JANIPUR,101316,P1,i,2019-10-05T00:00:00Z,11000,Composite,J and K,North,nonfdu,8482.258341,dc
JABALPUR-DAMOHNAKA,101315,P1,ii,2019-10-13T00:00:00Z,8540,Fashion,MP1,North,nonfdu,6973.02979,dc
LUCKNOW-QAISARBAGH,101130,P1,i,2019-10-14T00:00:00Z,6331,Fashion,UP8,UP East,nonfdu,5042.073085,dc
HARDOI-LUCKNOW ROAD,101125,P1,iii,2019-10-18T00:00:00Z,9782,Composite,UP6,UP East,nonfdu,7132.391122,dc
LUCKNOW-RAJAJIPURAM 2,101329,P1,i,2019-10-18T00:00:00Z,7541,Fashion,UP8,UP East,nonfdu,6218.389994,dc
KOTA-KUNADI,101298,P1,ii,2019-10-21T00:00:00Z,8278,Fashion,RAJASTHAN-2,North,fdu,6832.093345,dc
KANPUR-KALYANPUR,101317,P1,ii,2019-10-23T00:00:00Z,10151,Composite,UP2,UP East,nonfdu,7383.340487,dc
LUCKNOW-ARJUNGANJ,101324,P1,i,2019-10-23T00:00:00Z,8207,Fashion,UP13,UP East,nonfdu,6855.450914,dc
JAMMU-TALAB TILLO,101299,P1,i,2019-10-26T00:00:00Z,8217,Fashion,J and K,North,nonfdu,6558.245955,dc
LUCKNOW-BKT,101267,P1,i,2019-12-03T00:00:00Z,8338,Fashion,UP8,UP East,nonfdu,6387.619692,dc
MUZAFFARPUR-AGHORIA BAZAR,101339,P1,iii,2019-12-26T00:00:00Z,8809,Fashion,BIHAR 2,Bihar,nonfdu,7020.424283,pdc
JAIPUR-BARKAT NAGAR,101338,P1,i,2019-12-29T00:00:00Z,6535,Fashion,RAJASTHAN-1,North,nonfdu,5058.045145,dc
UDAIPUR-SURAJPOLE,101337,P1,iii,2019-12-29T00:00:00Z,7224,Fashion,RAJASTHAN-2,North,nonfdu,5644.902063,dc
INDORE-SAPNA SANGEETA,101342,P1,ii,2020-01-27T00:00:00Z,6522,Fashion,MP2,North,nonfdu,5385.780581,dc
ALIGARH-ETAH CHUNGI,101343,P1,iii,2020-01-30T00:00:00Z,7900,Fashion,UP7,North,nonfdu,5966.637606,dc
KANPUR-P ROAD,101341,P1,ii,2020-01-31T00:00:00Z,5008,Fashion,UP2,UP East,nonfdu,4140.438425,dc
LUCKNOW-DUBAGGA,101199,P1,i,2020-02-21T00:00:00Z,8000,Fashion,UP8,UP East,nonfdu,6197.781025,dc
JAIPUR-CHITRAKOOT,101347,P1,i,2020-03-01T00:00:00Z,7081,Fashion,RAJASTHAN-1,North,nonfdu,5688.360291,dc
SANDILA-MOHALL ASHAF TOLA,101333,P1,iv,2020-03-01T00:00:00Z,5009,Fashion,UP6,UP East,nonfdu,3911.022068,dc
CHANDAUSI-BAHJOI ROAD,101346,P1,iii,2020-03-03T00:00:00Z,6752,Fashion,UP11,UP East,nonfdu,5659.739309,dc
UNNAO-SHAHGANJ BAZAAR,101327,P1,iii,2020-03-04T00:00:00Z,6252,Fashion,UP2,UP East,nonfdu,5277.921097,dc
JAIPUR-PRATAP NAGAR,101348,P1,i,2020-03-08T00:00:00Z,7416,Fashion,RAJASTHAN-1,North,nonfdu,6130.140246,dc
BHOPAL-BAIRAGARH,101345,P1,i,2020-06-29T00:00:00Z,7366,Fashion,MP1,North,nonfdu,6099.389109,dc
UDALGURI-MG ROAD,101261,P1,iv,2020-10-01T00:00:00Z,8942,Fashion,NE,East/JHK,nonfdu,7069.484176,purepujo
JAIPUR-SUBHASH CHOWK,101353,P1,i,2020-10-11T00:00:00Z,6937,Fashion,RAJASTHAN-1,North,nonfdu,5597.75946,dc
JAIPUR-SIRSI ROAD,101371,P1,i,2020-10-14T00:00:00Z,7550,Fashion,RAJASTHAN-1,North,nonfdu,5828.007313,dc
AGRA-VIP ROAD,101296,P1,ii,2020-10-18T00:00:00Z,8630,Fashion,UP7,North,nonfdu,6848.222293,dc
KATIHAR-NEW MARKET,101328,P1,iii,2020-10-18T00:00:00Z,5740,Composite,BIHAR 3,Bihar,nonfdu,4900.36546,pdc
MADHUBANI-JHAJHARPUR,101374,P1,iv,2020-10-20T00:00:00Z,6533,Fashion,BIHAR 2,Bihar,nonfdu,4145.697117,pdc
BASTI-MALVIYA ROAD,101377,P1,iii,2020-11-07T00:00:00Z,9893,Composite,UP9,UP East,nonfdu,6953.398124,dc
MALDAHIYA,101378,P1,ii,2020-11-15T00:00:00Z,14091,Composite,UP5,UP East,nonfdu,10081.98027,dc
RANCHI-RATU ROAD,101349,P1,i,2020-12-01T00:00:00Z,6360,Fashion,JHK1,East/JHK,nonfdu,5206.642321,pdc
LUCKNOW-KHADRA,101431,P1,i,2020-12-19T00:00:00Z,7023,Fashion,UP8,UP East,fdu,5410.900417,dc
VAISHALI-LALGANJ,101447,P1,iv,2021-02-20T00:00:00Z,6367,Fashion,BIHAR 1,Bihar,nonfdu,5239.038956,pdc
KARWI-CHITRAKOOT,101452,P1,iii,2021-03-15T00:00:00Z,5453,Composite,UP12,UP East,nonfdu,4583.697704,dc
CHHAPRA-BHAGWAN BAZAR,101454,P1,iii,2021-03-25T00:00:00Z,5417,Fashion,BIHAR 1,Bihar,fdu,4469.419005,pdc
JAIPUR-NSR,101453,P1,i,2021-03-25T00:00:00Z,8650,Fashion,RAJASTHAN-1,North,nonfdu,6823.146021,dc
PRAYAGRAJ-NOORULLAH ROAD,101445,P1,ii,2021-03-25T00:00:00Z,7500,Fashion,UP10,UP East,nonfdu,4123.455507,dc
BALLIA-NEW TOWN,101449,P1,iii,2021-03-26T00:00:00Z,9532,Composite,UP3,UP East,nonfdu,6582.366766,dc
VARANASI-SHIVALA,101461,P1,ii,2021-04-03T00:00:00Z,9459,Composite,UP5,UP East,fdu,5120.220598,dc
BARHI-DHANBAD ROAD,101474,P1,iv,2021-06-30T00:00:00Z,6281,Fashion,JHK2,East/JHK,vdu,4574.336884,pdc
GODDA-RAUTARA CHOWK,101462,P1,iii,2021-06-30T00:00:00Z,7281,Fashion,JHK2,East/JHK,fdu,5630.380746,pdc
KANPUR-BARRA,101468,P1,ii,2021-07-05T00:00:00Z,8498,Composite,UP2,UP East,fdu,5616.355164,dc
MAU-GHOSI,101477,P1,iv,2021-07-21T00:00:00Z,7723,Fashion,UP3,UP East,vdu,6083.171398,dc
KANPUR-YASHODA NAGAR,101480,P1,ii,2021-07-26T00:00:00Z,6399,Fashion,UP2,UP East,fdu,5095.766333,dc
CHITTORGARH-UDAIPUR ROAD,101476,P1,iii,2021-07-31T00:00:00Z,8232,Composite,RAJASTHAN-2,North,nonfdu,6332.689238,dc
KATIHAR-MIRCHAIBARI,101472,P1,iii,2021-08-02T00:00:00Z,12395,Composite,BIHAR 3,Bihar,nonfdu,7762.351545,pdc
DELHI-DWARKA,101478,P1,i,2021-08-06T00:00:00Z,5294,Fashion,DELHI NCR,North,fdu,4461.948795,dc
PATNA-SAMPATH CHOWK,101481,P1,i,2021-08-07T00:00:00Z,6686,Fashion,BIHAR 1,Bihar,nonfdu,5156.351279,pdc
MIRZAPUR-TELIAGANJ,101475,P1,iii,2021-08-20T00:00:00Z,10536,Composite,UP5,UP East,fdu,6725.662275,dc
ROURKELA-DAILY MARKET,101469,P1,iii,2021-09-08T00:00:00Z,6518,Fashion,ODISHA,East/JHK,fdu,4889.437607,purepujo
UTTARPARA,101373,P1,iii,2021-09-10T00:00:00Z,6515,Fashion,WB1,East/JHK,fdu,5492.411701,purepujo
AGARTALA-SHAKUNTALA ROAD,101572,P1,i,2021-09-22T00:00:00Z,18314,Composite,NE,East/JHK,nonfdu,9597.629162,purepujo
UDAIPUR-HIRAN MANGRI,101575,P1,iii,2021-09-25T00:00:00Z,7447,Fashion,RAJASTHAN-2,North,fdu,6437.222442,dc
DARBHANGA-DONAR,101574,P1,iii,2021-09-30T00:00:00Z,10909,Composite,BIHAR 2,Bihar,nonfdu,5900.926307,pdc
AURAIYA-KANPUR ROAD,101580,P1,iii,2021-10-01T00:00:00Z,7683,Fashion,UP12,UP East,nonfdu,3399.112994,dc
PATNA-BAKHTIYARPUR,101470,P1,iv,2021-10-17T00:00:00Z,6779,Fashion,BIHAR 1,Bihar,fdu,5296.118006,pdc
DEHRI ON SONE,101446,P1,iv,2021-10-24T00:00:00Z,8428,Composite,BIHAR 4,Bihar,nonfdu,5033.143902,pdc
FAIZABAD-NAKA,101482,P1,iii,2021-10-28T00:00:00Z,11100,Composite,UP9,UP East,fdu,6469.446414,dc
RISHIKESH-HARIDWAR ROAD,101576,P1,iii,2021-10-28T00:00:00Z,7460,Fashion,UK,North,fdu,6060.100373,dc
AMETHI-DURGAPUR ROAD,101586,P1,iii,2021-10-30T00:00:00Z,11176,Composite,UP10,UP East,nonfdu,7763.189428,dc
SHAHGANJ-JAUNPUR ROAD,101600,P1,iii,2021-10-31T00:00:00Z,8421,Composite,UP3,UP East,vdu,6313.177176,dc
FARIDABAD-NIT,101587,P1,i,2021-11-02T00:00:00Z,10535,Composite,DELHI NCR,North,nonfdu,6362.858716,dc
GONDA-STATION ROAD,101612,P1,iii,2021-12-24T00:00:00Z,5797,Fashion,UP9,UP East,nonfdu,4628.538534,dc
PALWAL-AGRA CHOWK,101654,P1,iii,2022-02-10T00:00:00Z,7938,Fashion,DELHI NCR,North,fdu,6259.528956,dc
HARIDWAR-SHIVALIK NAGAR,101652,P1,iii,2022-02-18T00:00:00Z,9091,Composite,UK,North,nonfdu,5300.046458,dc
BURDWAN-NAZRUL PALLY,101637,P1,iii,2022-02-25T00:00:00Z,9655,Composite,WB1,East/JHK,nonfdu,6316.466726,purepujo
PATNA-KANTIFACTORY,101344,P1,i,2022-02-27T00:00:00Z,7061,Fashion,BIHAR 1,Bihar,fdu,5207.65868,pdc
PURANPUR-KOTWALI ROAD,101655,P1,iv,2022-03-05T00:00:00Z,6139,Fashion,UP6,UP East,vdu,4727.99198,dc
BHOPAL-KOLAR ROAD,101662,P1,i,2022-03-07T00:00:00Z,7837,Fashion,MP1,North,nonfdu,6370.782322,dc
DELHI-BURARI,101664,P1,i,2022-03-10T00:00:00Z,11467,Composite,DELHI NCR,North,fdu,6931.927505,dc
RAEBARELI-LALGANJ,101627,P1,iv,2022-03-15T00:00:00Z,7381,Fashion,UP10,UP East,vdu,5991.219683,dc
GURUGRAM-BADSHAHPUR,101671,P1,i,2022-03-26T00:00:00Z,11550,Composite,DELHI NCR,North,vdu,7584.589239,dc
RANCHI-BARIATU ROAD,101680,P1,i,2022-03-29T00:00:00Z,10361,Composite,JHK1,East/JHK,fdu,6316.539084,pdc
BAHRAICH-CIVIL LINE,101669,P1,iii,2022-03-31T00:00:00Z,10958,Composite,UP13,UP East,fdu,6677.595152,dc
DHANBAD-BINODBIHARI CHOWK,101667,P1,iii,2022-03-31T00:00:00Z,10292,Composite,JHK2,East/JHK,vdu,7357.191559,pdc
PATNA-ANISHABAD,101661,P1,i,2022-03-31T00:00:00Z,7550,Fashion,BIHAR 1,Bihar,fdu,5715.450236,pdc
SULTANPUR-PUNCHRASTA ROAD,101668,P1,iii,2022-03-31T00:00:00Z,8028,Fashion,UP9,UP East,vdu,6907.32828,dc
FATUHA,101670,P1,iv,2022-04-07T00:00:00Z,5519,Fashion,BIHAR 1,Bihar,fdu,4673.980449,pdc
JAIPUR-MURLIPURA,101696,P1,i,2022-05-21T00:00:00Z,8688,Composite,RAJASTHAN-1,North,fdu,6158.770946,dc
GHAZIPUR-DILDARNAGAR,101700,P1,iv,2022-05-28T00:00:00Z,7547,Fashion,UP3,UP East,vdu,6094.670253,dc
BALRAMPUR-UTRAULA,101704,P1,iv,2022-06-06T00:00:00Z,6775,Fashion,UP9,UP East,vdu,5184.919704,dc
CHHATARPUR-JAWAHAR ROAD,101739,P1,iii,2022-06-16T00:00:00Z,8440,Fashion,MP2,North,fdu,6625.624725,dc
BARAN-KOTA ROAD,101656,P1,iii,2022-06-28T00:00:00Z,7903,Fashion,RAJASTHAN-2,North,vdu,6401.36401,dc
DEHRADUN-VIKAS NAGAR,101698,P1,iii,2022-06-29T00:00:00Z,8659,Fashion,UK,North,vdu,6884.061267,dc
BARPETA TOWN-HOWLY ROAD,101733,P1,iii,2022-07-08T00:00:00Z,11000,Composite,NE,East/JHK,fdu,7585.74513,purepujo
WAIDHAN-VIDHYANAGAR ROAD,101695,P1,iii,2022-07-10T00:00:00Z,8387,Fashion,MP1,North,vdu,6815.564969,dc
KOLKATA-ESPLANADE,101764,P1,i,2022-07-20T00:00:00Z,33491,Composite,WB1,East/JHK,fdu,11295.80668,purepujo
GHAZIABAD-GANDHI NAGAR,101743,P1,i,2022-07-23T00:00:00Z,8620,Fashion,DELHI NCR,North,fdu,6910.927436,dc
DEHRADUN-HARIDWAR ROAD,101757,P1,i,2022-08-15T00:00:00Z,5885,Fashion,UK,North,vdu,5390.264105,dc
ROORKEE RAMNAGAR,101759,P1,iii,2022-08-27T00:00:00Z,7917,Fashion,UK,North,fdu,6190.164921,dc
DARBHANGA-BAKARGANJ,101762,P1,iii,2022-08-29T00:00:00Z,6545,Fashion,BIHAR 2,Bihar,vdu,5090.074938,pdc
FORBESGANJ-SADAR ROAD,101767,P1,iv,2022-09-03T00:00:00Z,6669,Fashion,BIHAR 3,Bihar,vdu,5081.620343,pdc
SUALKUCHI,101736,P1,iv,2022-09-07T00:00:00Z,9038,Composite,NE,East/JHK,vdu,6046.635434,purepujo
BEGUSARAI-TEGHRA,101737,P1,iv,2022-09-18T00:00:00Z,8000,Composite,BIHAR 2,Bihar,vdu,5154.195527,pdc
GORAKHPUR-TARAMANDAL,101807,P1,iii,2022-09-24T00:00:00Z,9625,Composite,UP4,UP East,fdu,6975.67091,dc
LUCKNOW-TEDHIPULIA,101808,P1,i,2022-09-24T00:00:00Z,13500,Composite,UP8,UP East,fdu,9157.402906,dc
BHUBANESWAR-PATIA,101821,P1,i,2022-09-25T00:00:00Z,27060,Composite,ODISHA,East/JHK,fdu,9351.96153,purepujo
DHEKIAJULI-TEZPUR ROAD,101806,P1,iv,2022-09-30T00:00:00Z,9463,Composite,NE,East/JHK,vdu,6272.602288,purepujo
UDAIPUR-FATEHPURA,101765,P1,iii,2022-10-02T00:00:00Z,10027,Composite,RAJASTHAN-2,North,fdu,7009.702435,dc
GORAKHPUR-MANGLAM-2,101772,P1,iii,2022-10-05T00:00:00Z,9374,Composite,UP4,UP East,fdu,6281.576898,dc
JAIPUR-MANSAROVAR,101674,P1,i,2022-10-12T00:00:00Z,8800,Fashion,RAJASTHAN-1,North,fdu,6955.014389,dc
GORAKHPUR-BARHALGANJ,101697,P1,iv,2022-10-15T00:00:00Z,8098,Fashion,UP3,UP East,vdu,6744.941363,dc
KOTDWAR-DEVI ROAD,101830,P1,iii,2022-10-15T00:00:00Z,7000,Fashion,UK,North,fdu,6042.24126,dc
SATNA-STATION ROAD,101666,P1,iii,2022-10-15T00:00:00Z,8313,Fashion,MP2,North,vdu,6813.919448,dc
RAJSAMAND-KANKROLI,101845,P1,iii,2022-11-24T00:00:00Z,7265,Fashion,RAJASTHAN-2,North,fdu,6417.546651,dc
DHARMANAGAR-STATION ROAD,101665,P1,iii,2022-11-30T00:00:00Z,12600,Composite,NE,East/JHK,fdu,8283.896442,purepujo
GORAKHPUR-MOHADDIPUR,101820,P1,iii,2022-12-08T00:00:00Z,10214,Composite,UP4,UP East,fdu,6756.414573,dc
SAWAIMADHOPUR,101766,P1,iii,2022-12-08T00:00:00Z,6188,Fashion,RAJASTHAN-2,North,vdu,5959.95774,dc
RANCHI-STATION ROAD,101846,P1,i,2022-12-09T00:00:00Z,9532,Composite,JHK1,East/JHK,vdu,6686.814889,pdc
KHUNTI-SUBHASH CHOWK,101715,P1,iii,2022-12-17T00:00:00Z,8247,Fashion,JHK1,East/JHK,vdu,6734.366936,pdc
BHADOHI-STATION ROAD,101818,P1,iii,2022-12-23T00:00:00Z,7723,Fashion,UP5,UP East,vdu,6254.954688,dc
SHAHJAHANPUR-KACHCHAKATRA,101847,P1,iii,2022-12-25T00:00:00Z,8639,Composite,UP6,UP East,vdu,6009.638275,dc
PRYAGRAJ-PHAPHAMAU,101577,P1,i,2023-01-01T00:00:00Z,10368,Composite,UP10,UP East,fdu,7119.038316,dc
SIVASAGAR-BOARDING ROAD,101771,P1,iii,2023-01-05T00:00:00Z,9968,Composite,NE,East/JHK,vdu,6512.216019,purepujo
JUNAGARH,101869,P1,iii,2023-01-07T00:00:00Z,8480,Fashion,GUJRAT,North,fdu,7208.704846,dc
PHARENDA-STATION ROAD,101868,P1,iii,2023-01-25T00:00:00Z,7963,Fashion,UP4,UP East,vdu,6479.934225,dc
ETAH-GT ROAD,101878,P1,iii,2023-03-02T00:00:00Z,9400,Composite,UP11,UP East,vdu,7483.265008,dc
KONNAGAR-IG ROAD,102394,P1,iii,2023-03-04T00:00:00Z,7522,Fashion,WB1,East/JHK,fdu,5641.5,purepujo
RANGIA-BHUTAN BUS STAND,101813,P1,iii,2023-03-05T00:00:00Z,7500,Fashion,NE,East/JHK,vdu,6692.65537,purepujo
ROBERTSGANJ,102419,P1,iii,2023-03-05T00:00:00Z,5790,Fashion,UP5,UP East,vdu,4268.395125,dc
GHAZIPUR-KASHIMABAD,101814,P1,ii,2023-03-22T00:00:00Z,6000,Fashion,UP3,UP East,fdu,4807.813629,dc
AMTALA,101877,P1,iii,2023-03-27T00:00:00Z,6268,Fashion,WB1,East/JHK,fdu,5232.154112,purepujo
PITHAMPUR-NEEMUCH ROAD,102393,P1,iii,2023-03-27T00:00:00Z,7300,Fashion,MP2,North,fdu,6184.186571,dc
MORENA-M S ROAD,101874,P2,iii,2023-04-28T00:00:00Z,9000,Fashion,MP2,North,fdu,8081.434068,dc
BIHTA,101831,P2,iii,2023-05-22T00:00:00Z,6500,Fashion,BIHAR 1,Bihar,fdu,4875,pdc
BHILWARA-RAJENDRA MARG,102507,P2,iii,2023-06-22T00:00:00Z,9090,Fashion,RAJASTHAN-1,North,fdu,6817.5,dc
DEHRADUN-RAJPUR ROAD,102525,P2,i,2023-06-27T00:00:00Z,7568,Fashion,UK,North,fdu,5676,dc
PRATAPGARH-GHANTAGHAR,101732,P2,i,2023-06-27T00:00:00Z,8000,Fashion,UP10,UP East,fdu,6000,dc
PITHORAGARH-SILTHAM CHOWK,101829,P2,iii,2023-08-15T00:00:00Z,7126,Fashion,UK,North,fdu,5344.5,dc
North NSO 1 (23-24),9999991,NSO,iii,2023-08-20T00:00:00Z,7500,Fashion,UK,North,fdu,5625,dc
North NSO 2 (23-24),9999992,NSO,iii,2023-08-20T00:00:00Z,7500,Fashion,RAJASTHAN-2,North,fdu,5625,dc
North NSO 3 (23-24),9999993,NSO,iii,2023-08-20T00:00:00Z,7500,Fashion,MP2,North,fdu,5625,dc
North NSO 4 (23-24),9999994,NSO,i,2023-08-20T00:00:00Z,7500,Fashion,DELHI NCR,North,fdu,5625,dc
East NSO 1 (23-24),9999995,NSO,iii,2023-09-20T00:00:00Z,7500,Fashion,WB1,East/JHK,fdu,5625,purepujo
East NSO 2 (23-24),9999996,NSO,iii,2023-09-20T00:00:00Z,7500,Fashion,JHK2,East/JHK,fdu,5625,pdc
UP NSO 1 (23-24),9999997,NSO,iii,2023-09-20T00:00:00Z,7500,Fashion,UP6,UP East,fdu,5625,dc
UP NSO 2 (23-24),9999998,NSO,ii,2023-09-20T00:00:00Z,7500,Fashion,UP5,UP East,fdu,5625,dc
UP NSO 3 (23-24),9999999,NSO,iii,2023-09-20T00:00:00Z,7500,Fashion,UP10,UP East,fdu,5625,dc
East NSO 10 (23-24),1.00E+07,NSO,iii,2023-10-01T00:00:00Z,7500,Fashion,JHK2,East/Jhk,fdu,5625,pdc
East NSO 16 (23-24),10000001,NSO,iii,2023-10-01T00:00:00Z,7500,Fashion,WB2,East/Jhk,fdu,5625,purepujo
East NSO 3 (23-24),10000002,NSO,iii,2023-10-01T00:00:00Z,7500,Fashion,ODISHA,East/Jhk,fdu,5625,purepujo
East NSO 4 (23-24),10000003,NSO,iii,2023-10-01T00:00:00Z,7500,Fashion,JHK2,East/Jhk,fdu,5625,pdc
East NSO 5 (23-24),10000004,NSO,iii,2023-10-01T00:00:00Z,7500,Fashion,NE,East/Jhk,fdu,5625,purepujo
North NSO 13 (23-24),10000005,NSO,i,2023-10-01T00:00:00Z,7500,Fashion,MP1,North,fdu,5625,dc
North NSO 5 (23-24),10000006,NSO,i,2023-10-01T00:00:00Z,7500,Fashion,MP1,North,fdu,5625,dc
UP NSO 12 (23-24),10000007,NSO,iii,2023-10-01T00:00:00Z,7500,Fashion,UP6,UP East,fdu,5625,dc
UP NSO 4 (23-24),10000008,NSO,iii,2023-10-01T00:00:00Z,7500,Fashion,UP11,UP East,fdu,5625,dc
UP NSO 5 (23-24),10000009,NSO,iii,2023-10-01T00:00:00Z,7500,Fashion,UP12,UP East,fdu,5625,dc
Bihar NSO 1 (23-24),10000010,NSO,iii,2023-11-01T00:00:00Z,7500,Fashion,BIHAR 3,Bihar,fdu,5625,pdc
Bihar NSO 2 (23-24),10000011,NSO,iii,2023-11-01T00:00:00Z,7500,Fashion,BIHAR 2,Bihar,fdu,5625,pdc
Bihar NSO 3 (23-24),10000012,NSO,iii,2023-11-01T00:00:00Z,7500,Fashion,BIHAR 4,Bihar,fdu,5625,pdc
Bihar NSO 4 (23-24),10000013,NSO,iii,2023-11-01T00:00:00Z,7400,Fashion,BIHAR 3,Bihar,fdu,5550,pdc
Bihar NSO 6 (23-24),10000014,NSO,iii,2023-11-01T00:00:00Z,7500,Fashion,BIHAR 2,Bihar,fdu,5625,pdc
East NSO 11 (23-24),10000015,NSO,iii,2023-11-01T00:00:00Z,7500,Fashion,NE,East/Jhk,fdu,5625,purepujo
North NSO 6 (23-24),10000016,NSO,i,2023-11-01T00:00:00Z,7500,Fashion,DELHI NCR,North,fdu,5625,dc
UP NSO 6 (23-24),10000017,NSO,i,2023-11-01T00:00:00Z,7500,Fashion,UP13,UP East,fdu,5625,dc
Bihar NSO 7 (23-24),10000018,NSO,iii,2023-12-01T00:00:00Z,7500,Fashion,BIHAR 4,Bihar,fdu,5625,pdc
East NSO 12 (23-24),10000019,NSO,iii,2023-12-01T00:00:00Z,7500,Fashion,ODISHA,East/Jhk,fdu,5625,purepujo
North NSO 7 (23-24),10000020,NSO,iii,2023-12-01T00:00:00Z,7500,Fashion,GUJRAT,North,fdu,5625,dc
UP NSO 11 (23-24),10000021,NSO,ii,2023-12-01T00:00:00Z,7500,Fashion,UP5,UP East,fdu,5625,dc
UP NSO 7 (23-24),10000022,NSO,i,2023-12-01T00:00:00Z,7500,Fashion,UP8,UP East,fdu,5625,dc
BANSWARA,10000023,NSO,iii,2023-12-20T00:00:00Z,7500,Fashion,RAJASTHAN-2,North,fdu,5625,dc
KANPUR-KAKA DEO,10000024,NSO,ii,2023-12-20T00:00:00Z,7500,Fashion,UP2,UP East,fdu,5625,dc
LUCKNOW-ASHIYANA,10000025,NSO,i,2023-12-20T00:00:00Z,8855,Fashion,UP13,UP East,fdu,6174.694564,dc
UP NSO 10 (23-24),10000026,NSO,ii,2023-12-20T00:00:00Z,7500,Fashion,UP2,UP East,fdu,5625,dc
Bihar NSO 8 (23-24),10000027,NSO,iii,2024-01-01T00:00:00Z,7500,Fashion,BIHAR 3,Bihar,fdu,5625,pdc
East NSO 13 (23-24),10000028,NSO,iii,2024-01-01T00:00:00Z,7500,Fashion,WB1,East/Jhk,fdu,5625,purepujo
East NSO 8 (23-24),10000029,NSO,iii,2024-01-01T00:00:00Z,7500,Fashion,NE,East/Jhk,fdu,5625,purepujo
North NSO 10 (23-24),10000030,NSO,i,2024-01-01T00:00:00Z,7500,Fashion,DELHI NCR,North,fdu,5625,dc
UP NSO 8 (23-24),10000031,NSO,i,2024-01-01T00:00:00Z,7500,Fashion,UP13,UP East,fdu,5625,dc
UP NSO 9 (23-24),10000032,NSO,iii,2024-01-01T00:00:00Z,7500,Fashion,UP9,UP East,fdu,5625,dc
North NSO 11 (23-24),10000033,NSO,iii,2024-01-20T00:00:00Z,7500,Fashion,RAJASTHAN-2,North,fdu,5625,dc
North NSO 12 (23-24),10000034,NSO,i,2024-01-20T00:00:00Z,7500,Fashion,J and K,North,fdu,5625,dc
Bihar NSO 9 (23-24),10000035,NSO,iii,2024-02-01T00:00:00Z,7500,Fashion,BIHAR 2,Bihar,fdu,5625,pdc
East NSO 14 (23-24),10000036,NSO,iii,2024-02-01T00:00:00Z,7500,Fashion,WB1,East/Jhk,fdu,5625,purepujo
East NSO 17 (23-24),10000037,NSO,iii,2024-02-01T00:00:00Z,7500,Fashion,WB1,East/Jhk,fdu,5625,purepujo
East NSO 9 (23-24),10000038,NSO,iii,2024-02-01T00:00:00Z,7400,Fashion,NE,East/Jhk,fdu,5550,purepujo
North NSO 8 (23-24),10000039,NSO,i,2024-02-01T00:00:00Z,7500,Fashion,J and K,North,fdu,5625,dc
North NSO 9 (23-24),10000040,NSO,iii,2024-02-01T00:00:00Z,7500,Fashion,GUJRAT,North,fdu,5625,dc
East NSO 15 (23-24),10000041,NSO,iii,2024-02-20T00:00:00Z,7500,Fashion,WB1,East/JHK,fdu,5625,purepujo
Bihar NSO 10 (23-24),10000042,NSO,i,2024-03-01T00:00:00Z,7400,Fashion,BIHAR 1,Bihar,fdu,5550,pdc
Bihar NSO 5 (23-24),10000043,NSO,iii,2024-03-01T00:00:00Z,7500,Fashion,BIHAR 2,Bihar,fdu,5625,pdc
East NSO 6 (23-24),10000044,NSO,iii,2024-03-01T00:00:00Z,7500,Fashion,WB1,East/Jhk,fdu,5625,purepujo
East NSO 7 (23-24),10000045,NSO,iii,2024-03-01T00:00:00Z,7500,Fashion,NE,East/Jhk,fdu,5625,purepujo
UP NSO 13 (23-24),10000046,NSO,iii,2024-03-01T00:00:00Z,7500,Fashion,UP10,UP East,fdu,5625,dc
NSO_1,10000047,NSO,iii,2024-04-20T00:00:00Z,7500,Fashion,UP2,UP East,fdu,5625,dc
NSO_2,10000048,NSO,iii,2024-04-20T00:00:00Z,7500,Fashion,UK,North,fdu,5625,dc
NSO_3,10000049,NSO,iii,2024-04-20T00:00:00Z,8855,Fashion,UP13,UP East,fdu,6174.694564,dc
NSO_4,10000050,NSO,iii,2024-04-20T00:00:00Z,7500,Fashion,UK,North,fdu,5625,dc
NSO_5,10000051,NSO,iii,2024-04-20T00:00:00Z,9736,Fashion,MP2,North,fdu,8081.434068,dc
NSO_10,10000052,NSO,iii,2024-05-20T00:00:00Z,7500,Fashion,BIHAR 2,Bihar,fdu,5625,pdc
NSO_11,10000053,NSO,iii,2024-05-20T00:00:00Z,7500,Fashion,BIHAR 3,Bihar,fdu,5625,pdc
NSO_6,10000054,NSO,iii,2024-05-20T00:00:00Z,7500,Fashion,RAJASTHAN-2,North,fdu,5625,dc
NSO_7,10000055,NSO,iii,2024-05-20T00:00:00Z,7500,Fashion,BIHAR 3,Bihar,fdu,5625,pdc
NSO_8,10000056,NSO,iii,2024-05-20T00:00:00Z,7500,Fashion,BIHAR 2,Bihar,fdu,5625,pdc
NSO_9,10000057,NSO,iii,2024-06-20T00:00:00Z,7500,Fashion,BIHAR 4,Bihar,fdu,5625,pdc
NSO_12,10000058,NSO,iii,2024-06-20T00:00:00Z,7500,Fashion,WB1,East/JHK,fdu,5625,purepujo
NSO_13,10000059,NSO,iii,2024-06-20T00:00:00Z,7500,Fashion,WB1,East/JHK,fdu,5625,purepujo
NSO_14,10000060,NSO,iii,2024-06-20T00:00:00Z,7500,Fashion,JHK2,East/JHK,fdu,5625,pdc
NSO_15,10000061,NSO,iii,2024-06-20T00:00:00Z,7500,Fashion,JHK2,East/JHK,fdu,5625,pdc
NSO_16,10000062,NSO,iii,2024-07-20T00:00:00Z,7500,Fashion,NE,East/JHK,fdu,5625,purepujo
NSO_17,10000063,NSO,iii,2024-07-20T00:00:00Z,7500,Fashion,NE,East/JHK,fdu,5625,purepujo
NSO_18,10000064,NSO,iii,2024-07-20T00:00:00Z,7500,Fashion,NE,East/JHK,fdu,5625,purepujo
NSO_19,10000065,NSO,iii,2024-07-20T00:00:00Z,7500,Fashion,NE,East/JHK,fdu,5625,purepujo
NSO_20,10000066,NSO,iii,2024-07-20T00:00:00Z,7500,Fashion,UK,North,fdu,5625,dc
NSO_21,10000067,NSO,iii,2024-08-20T00:00:00Z,7500,Fashion,RAJASTHAN-2,North,fdu,5625,dc
NSO_22,10000068,NSO,iii,2024-08-20T00:00:00Z,7500,Fashion,MP2,North,fdu,5625,dc
NSO_23,10000069,NSO,iii,2024-08-20T00:00:00Z,7500,Fashion,DELHI NCR,North,fdu,5625,dc
NSO_24,10000070,NSO,iii,2024-08-20T00:00:00Z,7500,Fashion,MP1,North,fdu,5625,dc
NSO_25,10000071,NSO,iii,2024-08-20T00:00:00Z,7500,Fashion,DELHI NCR,North,fdu,5625,dc
NSO_26,10000072,NSO,iii,2024-09-20T00:00:00Z,7500,Fashion,GUJRAT,North,fdu,5625,dc
NSO_27,10000073,NSO,iii,2024-09-20T00:00:00Z,7500,Fashion,DELHI NCR,North,fdu,5625,dc
NSO_28,10000074,NSO,iii,2024-09-20T00:00:00Z,7500,Fashion,J and K,North,fdu,5625,dc
NSO_29,10000075,NSO,iii,2024-09-20T00:00:00Z,7500,Fashion,GUJRAT,North,fdu,5625,dc
NSO_30,10000076,NSO,iii,2024-09-20T00:00:00Z,7500,Fashion,UP6,UP East,fdu,5625,dc
NSO_31,10000077,NSO,iii,2024-10-20T00:00:00Z,7500,Fashion,UP5,UP East,fdu,5625,dc
NSO_32,10000078,NSO,iii,2024-10-20T00:00:00Z,7500,Fashion,UP10,UP East,fdu,5625,dc
NSO_33,10000079,NSO,iii,2024-10-20T00:00:00Z,7500,Fashion,UP11,UP East,fdu,5625,dc
NSO_34,10000080,NSO,iii,2024-10-20T00:00:00Z,7500,Fashion,UP12,UP East,fdu,5625,dc
NSO_35,10000081,NSO,iii,2024-10-20T00:00:00Z,7500,Fashion,UP13,UP East,fdu,5625,dc
NSO_36,10000082,NSO,iii,2024-11-20T00:00:00Z,7500,Fashion,UP8,UP East,fdu,5625,dc
NSO_37,10000083,NSO,iii,2024-11-20T00:00:00Z,7500,Fashion,UP9,UP East,fdu,5625,dc
NSO_38,10000084,NSO,iii,2024-11-20T00:00:00Z,7500,Fashion,UP13,UP East,fdu,5625,dc
NSO_39,10000085,NSO,iii,2024-11-20T00:00:00Z,7500,Fashion,BIHAR 2,Bihar,fdu,5625,pdc
NSO_40,10000086,NSO,iii,2024-11-20T00:00:00Z,7500,Fashion,ODISHA,East/JHK,fdu,5625,purepujo
NSO_41,10000087,NSO,iii,2024-12-20T00:00:00Z,7500,Fashion,UP10,UP East,fdu,5625,dc
NSO_42,10000088,NSO,iii,2024-12-20T00:00:00Z,7500,Fashion,BIHAR 1,Bihar,fdu,5625,pdc
NSO_43,10000089,NSO,iii,2024-12-20T00:00:00Z,7500,Fashion,BIHAR 4,Bihar,fdu,5625,pdc
NSO_44,10000090,NSO,iii,2024-12-20T00:00:00Z,7500,Fashion,BIHAR 3,Bihar,fdu,5625,pdc
NSO_45,10000091,NSO,iii,2024-12-20T00:00:00Z,7500,Fashion,BIHAR 2,Bihar,fdu,5625,pdc
NSO_46,10000092,NSO,iii,2025-01-20T00:00:00Z,7500,Fashion,JHK2,East/JHK,fdu,5625,pdc
NSO_47,10000093,NSO,iii,2025-01-20T00:00:00Z,7500,Fashion,NE,East/JHK,fdu,5625,purepujo
NSO_48,10000094,NSO,iii,2025-01-20T00:00:00Z,7500,Fashion,ODISHA,East/JHK,fdu,5625,purepujo
NSO_49,10000095,NSO,iii,2025-01-20T00:00:00Z,7500,Fashion,WB1,East/JHK,fdu,5625,purepujo
NSO_50,10000096,NSO,iii,2025-01-20T00:00:00Z,7500,Fashion,WB1,East/JHK,fdu,5625,purepujo
NSO_51,10000097,NSO,iii,2025-02-20T00:00:00Z,7500,Fashion,WB1,East/JHK,fdu,5625,purepujo
NSO_52,10000098,NSO,iii,2025-02-20T00:00:00Z,7500,Fashion,WB2,East/JHK,fdu,5625,purepujo
NSO_53,10000099,NSO,iii,2025-02-20T00:00:00Z,7500,Fashion,WB1,East/JHK,fdu,5625,purepujo
NSO_54,10000100,NSO,iii,2025-02-20T00:00:00Z,7500,Fashion,RAJASTHAN-2,North,fdu,5625,dc
NSO_55,10000101,NSO,iii,2025-02-20T00:00:00Z,7500,Fashion,J and K,North,fdu,5625,dc
NSO_56,10000102,NSO,iii,2025-03-20T00:00:00Z,7500,Fashion,MP1,North,fdu,5625,dc
NSO_57,10000103,NSO,iii,2025-03-20T00:00:00Z,7500,Fashion,UP2,UP East,fdu,5625,dc
NSO_58,10000104,NSO,iii,2025-03-20T00:00:00Z,7500,Fashion,UP5,UP East,fdu,5625,dc
NSO_59,10000105,NSO,iii,2025-03-20T00:00:00Z,7500,Fashion,UP6,UP East,fdu,5625,dc
NSO_60,10000106,NSO,iii,2025-03-20T00:00:00Z,7500,Fashion,UP10,UP East,fdu,5625,dc
